subject_id,peak_time_target,peak_time_distractor,peak_amplitude_target,peak_amplitude_distractor,diff_time,diff_amplitude
1,0.42578125,0.2265625,16.025469488369822,10.274463635692676,0.19921875,5.751005852677146
2,0.4296875,0.3828125,38.99950711099559,18.104938127974933,0.046875,20.894568983020655
