,peak_time_target,peak_time_distractor,peak_amplitude_target,peak_amplitude_distractor,diff_time,diff_amplitude
count,6.0,6.0,6.0,6.0,6.0,6.0
mean,0.4876302083333333,0.4407552083333333,23.767126195573624,15.613656614598213,0.046875,8.15346958097541
std,0.11178747521920966,0.1424666016462645,9.687251172518662,4.807329065069428,0.08301125911962184,6.98416681764423
min,0.3671875,0.2265625,12.825446967272926,10.274463635692676,-0.0234375,0.602931249648444
25%,0.4267578125,0.3681640625,16.798916713488136,12.51531249278823,-0.0107421875,5.5129277875998675
50%,0.466796875,0.451171875,22.84169771159405,14.726567941313586,0.025390625,5.738280711620376
75%,0.509765625,0.53125,28.44273789629772,17.593561862068125,0.064453125,9.316279440667278
max,0.6875,0.6171875,38.99950711099559,23.62688632367,0.19921875,20.894568983020655
