,peak_time_target,peak_time_distractor,peak_amplitude_target,peak_amplitude_distractor,diff_time,diff_amplitude
count,2.0,2.0,2.0,2.0,2.0,2.0
mean,0.427734375,0.3046875,27.512488299682705,14.189700881833804,0.123046875,13.3227874178489
std,0.0027621358640099515,0.11048543456039805,16.245097794193548,5.536981613401071,0.1077232986963881,10.708116180792477
min,0.42578125,0.2265625,16.025469488369822,10.274463635692676,0.046875,5.751005852677146
25%,0.4267578125,0.265625,21.76897889402626,12.23208225876324,0.0849609375,9.536896635263023
50%,0.427734375,0.3046875,27.512488299682705,14.189700881833804,0.123046875,13.3227874178489
75%,0.4287109375,0.34375,33.25599770533915,16.147319504904367,0.1611328125,17.108678200434777
max,0.4296875,0.3828125,38.99950711099559,18.104938127974933,0.19921875,20.894568983020655
